USE supreme_admision;

INSERT INTO faculty(name) 
VALUES('Facultad de Medicina Humana'),
('Facultad de Ingenieria de Sistemas'),
('Facultad de Ingenieria Civil'),
('Facultad de Administración'),
('Facultad de Agronomía'),
('Facultad de Arquitectura'),
('Facultad de Ciencias'),
('Facultad de Ciencias Biológicas'),
('Facultad de Ciencias de la Comunicación, Turismo y Arqueología'),
('Facultad de Ciencias de la Educación y Humanidades'),
('Facultad de Ciencias Económicas y Negocios Internacionales'),
('Facultad de Contabilidad'),
('Facultad de Derecho y Ciencia Política'),
('Facultad de Enfermería'),
('Facultad de Farmacia y Bioquímica'),
('Facultad de Ingeniería Ambiental y Sanitaria'),
('Facultad de Ingeniería de Minas y Metalúrgica'),
('Facultad de Ingeniería Mecánica Eléctrica Electrónica'),
('Facultad de Ingeniería Pesquera y de Alimentos'),
('Facultad de Ingeniería Química y Petroquímica'),
('Facultad de Medicina Veterinaria y Zootecnia'),
('Facultad de Obstetricia'),
('Facultad de Odontología'),
('Facultad de Psicología');

INSERT INTO department(name) 
VALUES('Ica'),
('Ayacucho');

INSERT INTO province(name, department_id) VALUES
('Ica', 1),
('Chincha', 1),
('Nasca', 1),
('Palpa', 1),
('Pisco', 1),
('Huamanga', 2),
('Cangallo', 2),
('Huanca Sancos', 2),
('Huanta', 2),
('La Mar', 2),
('Lucanas', 2),
('Parinacochas', 2),
('Paucar del Sara Sara', 2),
('Sucre', 2),
('Víctor Fajardo', 2);

INSERT INTO district(name, province_id) VALUES
('Ica',1),
('La Tinguiña',1),
('Los Aquijes',1),
('Ocucaje',1),
('Pachacutec',1),
('Parcona',1),
('Pueblo Nuevo',1),
('Salas',1),
('San José de Los Molinos',1),
('San Juan Bautista',1),
('Santiago',1),
('Subtanjalla',1),
('Tate',1),
('Yauca del Rosario',1),
('Chincha Alta',2),
('Alto Laran',2),
('Chavin',2),
('Chincha Baja',2),
('El Carmen',2),
('Grocio Prado',2),
('Pueblo Nuevo',2),
('San Juan de Yanac',2),
('San Pedro de Huacarpana',2),
('Sunampe',2),
('Tambo de Mora',2),
('Nasca',3),
('Changuillo',3),
('El Ingenio',3),
('Marcona',3),
('Vista Alegre',3),
('Palpa',4),
('Llipata',4),
('Río Grande',4),
('Santa Cruz',4),
('Tibillo',4),
('Pisco',5),
('Huancano',5),
('Humay',5),
('Independencia',5),
('Paracas',5),
('San Andrés',5),
('San Clemente',5),
('Tupac Amaru Inca',5),
('Ayacucho',6),
('Acocro',6),
('Acos Vinchos',6),
('Carmen Alto',6),
('Chiara',6),
('Ocros',6),
('Pacaycasa',6),
('Quinua',6),   
('San José de Ticllas',6),
('San Juan Bautista',6),
('Santiago de Pischa',6),
('Socos',6),
('Tambillo',6),
('Vinchos',6),
('Jesús Nazareno',6),
('Andrés Avelino Cáceres Dorregaray',6),
('Cangallo',7),
('Chuschi',7),
('Los Morochucos',7),
('María Parado de Bellido',7),
('Paras',7),
('Totos',7),
('Sancos',8),
('Carapo',8),
('Sacsamarca',8),
('Santiago de Lucanamarca',8),
('Huanta',9),
('Ayahuanco',9),
('Huamanguilla',9),
('Iguain',9),
('Luricocha',9),
('Santillana',9),
('Sivia',9),
('Llochegua',9),
('Canayre',9),
('Uchuraccay',9),
('Pucacolpa',9),
('Chaca',9),
('San Miguel',10),
('Anco',10),
('Ayna',10),
('Chilcas',10),
('Chungui',10),
('Luis Carranza',10),
('Santa Rosa',10),
('Tambo',10),
('Samugari',10),
('Anchihuay',10),
('Oronccoy',10),
('Puquio',11),
('Aucara',11),
('Cabana',11),
('Carmen Salcedo',11),
('Chaviña',11),
('Chipao',11),
('Huac-Huas',11),
('Laramate',11),
('Leoncio Prado',11),
('Llauta',11),
('Lucanas',11),
('Ocaña',11),
('Otoca',11),
('Saisa',11),
('San Cristóbal',11),
('San Juan',11),
('San Pedro',11),
('San Pedro de Palco',11),
('Sancos',11),
('Santa Ana de Huaycahuacho',11),
('Santa Lucia',11),
('Coracora',12),
('Chumpi',12),
('Coronel Castañeda',12),
('Pacapausa',12),
('Pullo',12),
('Puyusca',12),
('San Francisco de Ravacayco',12),
('Upahuacho',12),
('Pausa',13),
('Colta',13),
('Corculla',13),
('Lampa',13),
('Marcabamba',13),
('Oyolo',13),
('Pararca',13),
('San Javier de Alpabamba',13),
('San José de Ushua',13),
('Sara Sara',13),
('Querobamba',14),
('Belén',14),
('Chalcos',14),
('Chilcayoc',14),
('Huacaña',14),
('Morcolla',14),
('Paico',14),
('San Pedro de Larcay',14),
('San Salvador de Quije',14),
('Santiago de Paucaray',14),
('Soras',14),
('Huancapi',15),
('Alcamenca',15),
('Apongo',15),
('Asquipata',15),
('Canaria',15),
('Cayara',15),
('Colca',15),
('Huamanquiquia',15),
('Huancaraylla',15),
('Hualla',15),
('Sarhua',15),
('Vilcanchos',15),
('Vilcas Huaman',15),
('Accomarca',15),
('Carhuanca',15),
('Concepción',15),
('Huambalpa',15),
('Independencia',15),
('Saurama',15),
('Vischongo',15);

-- Insertar áreas académicas
INSERT INTO area(id, name) VALUES
('A', 'CIENCIAS DE LA SALUD'),
('B', 'CIENCIAS SOCIALES Y HUMANIDADES'),
('C', 'CIENCIAS E INGENIERÍA');

INSERT INTO identification_type(name) VALUES
('DNI'),
('CE-Carné de Extranjería'),
('Carné de Identidad'),
('Libreta Militar'),
('Boleta Militar'),
('Pasaporte');

INSERT INTO career(professional_school, faculty_id, area_id) VALUES
('Medicina Humana', 1, 'A'),
('Ingenieria de Sistemas', 2, 'C'),
('Ingenieria de Civil', 3, 'C'),
('Administración', 4, 'B'),
('Agronomía', 5, 'C'),
('Arquitectura', 6, 'C'),
('Estadística', 7, 'C'),
('Física', 7, 'C'),
('Matemática e Informática', 7, 'C'),
('Biología', 8, 'A'),
('Arqueología', 9, 'B'),
('Ciencias de la Comunicación', 9, 'B'),
('Turismo', 9, 'B'),
('Ciencias de la Educación en Ciencias Biológicas y Química', 10, 'B'),
('Ciencias de la Educación en Educación Artística', 10, 'B'),
('Ciencias de la Educación en Educación Física', 10, 'B'),
('Ciencias de la Educación en Educación Inicial', 10, 'B'),
('Ciencias de la Educación en Educación Primaria', 10, 'B'),
('Ciencias de la Educación en Filosofía, Psicología y Ciencias Sociales', 10, 'B'),
('Ciencias de la Educación en Historia y Geografía', 10, 'B'),
('Ciencias de la Educación en Lengua y Literatura', 10, 'B'),
('Ciencias de la Educación en Matemática e Informática', 10, 'B'),
('Economía', 11, 'B'),
('Negocios Internacionales', 11, 'B'),
('Contabilidad', 12, 'B'),
('Derecho', 12, 'B'),
('Enfermería', 13, 'A'),
('Farmacia y Bioquímica', 14, 'A'),
('Ingenieria Ambiental', 15, 'C'),
('Ingeniería de Minas', 16, 'C'),
('Ingeniería Metalúrgica', 16, 'C'),
('Ingeniería Electrónica',17, 'C'),
('Ingeniería Mecánica Eléctrica',18, 'C'),
('Ingeniería de Alimentos',19, 'C'),
('Ingenieria Pesquera',19, 'C'),
('Ingeniería Química',20, 'C'),
('Ingenieria Petroquímica',20, 'C'),
('Medicina Veterinaria y Zootecnia',21, 'A'),
('Obstetricia',22, 'A'),
('Odontología',23, 'A'),
('Psicología',24, 'A');

-- EXAMENES

INSERT INTO discipline(name) VALUES
('CIENCIA TECNOLOGÍA Y AMBIENTE'),
('CIENCIAS SOCIALES'),
('PERSONAL FAMILIA Y RELACIONES HUMANAS'),
('COMUNICACIÓN'),
('MATEMÁTICAS'),
('SECCIÓN DE HABILIDADES');

INSERT INTO subject(name, discipline_id) VALUES
('BIOLOGÍA', 1),
('QUÍMICA', 1),
('FÍSICA', 1),
('FILOSOFÍA', 1),
('ECONOMÍA', 2),
('GEOGRAFÍA', 2),
('HISTORIA UNIVERSAL', 2),
('HISTORIA DEL PERÚ', 2),
('EDUCACIÓN CÍVICA', 3),
('PERSONAL SOCIAL (PSICOLOGÍA)', 3),
('LITERATURA', 4),
('LENGUAJE', 4),
('TRIGONOMETRÍA', 5),
('GEOMETRÍA', 5),
('ALGEBRA', 5),
('ARITMÉTICA', 5),
('HABILIDAD VERBAL', 6),
('HABILIDAD LÓGICO MATEMÁTICO', 6);

INSERT INTO config_question_exam_by_subject(quantity, subject_id) VALUES
(8, 1),
(6, 2),
(6, 3),
(2, 4),
(2, 5),
(2, 6),
(2, 7),
(2, 8),
(2, 9),
(2, 10),
(3, 11),
(3, 12),
(5, 13),
(5, 14),
(5, 15),
(5, 16),
(20, 17),
(20, 18);